engineer_id,employee_no,name,birthdate,birthdate_print,join_date,join_date_print,department,address,mobile_last4,mobile_print,retire_expected,retire_expected_print,retire_date,retire_date_print,note
ENG_nanNA,,,,,,,,,,,,,,,
ENG_nanNA,,,,,,,,,,,,,,,
ENG_nanNA,,,,,,,,,,,,,,,
ENG_nanNA,,,,,,,,,,,,,,,
ENG_nanNA,,,,,,,,,,,,,,,
ENG_nanNA,,,,,,,,,,,,,,,
ENG_nanNA,,,,,,,,,,,,,,,
ENG_nanNA,,,,,,,,,,,,,,,
ENG_nanNA,,,,,,,,,,,,,,,
ENG_nanNA,,,,,,,,,,,,,,,
ENG_nanNA,,,,,,,,,,,,,,,
ENG_nanNA,,,,,,,,,,,,,,,
ENG_nanNA,,,,,,,,,,,,,,,
ENG_nanNA,,,,,,,,,,,,,,,
ENG_nanNA,,,,,,,,,,,,,,,
ENG_nanNA,,,,,,,,,,,,,,,
ENG_nanNA,,,,,,,,,,,,,,,
ENG_nanNA,,,,,,,,,,,,,,,
ENG_nanNA,,,,,,,,,,,,,,,
ENG_nanNA,,,,,,,,,,,,,,,
ENG_nanNA,,,,,,,,,,,,,,,
ENG_nanNA,,,,,,,,,,,,,,,
ENG_nanNA,,,,,,,,,,,,,,,
ENG_nanNA,,,,,,,,,,,,,,,
ENG_nanNA,,,,,,,,,,,,,,,
ENG_nanNA,,,,,,,,,,,,,,,
ENG_nanNA,,,,,,,,,,,,,,,
ENG_nanNA,,,,,,,,,,,,,,,
ENG_nanNA,,,,,,,,,,,,,,,
ENG_nanNA,,,,,,,,,,,,,,,
ENG_nanNA,,,,,,,,,,,,,,,
ENG_nanNA,,,,,,,,,,,,,,,
ENG_nanNA,,,,,,,,,,,,,,,
ENG_nanNA,,,,,,,,,,,,,,,
ENG_nanNA,,,,,,,,,,,,,,,
ENG_nanNA,,,,,,,,,,,,,,,
ENG_nanNA,,,,,,,,,,,,,,,
ENG_nanNA,,,,,,,,,,,,,,,
ENG_nanNA,,,,,,,,,,,,,,,
ENG_nanNA,,,,,,,,,,,,,,,
ENG_nanNA,,,,,,,,,,,,,,,
ENG_nanNA,,,,,,,,,,,,,,,
ENG_nanNA,,,,,,,,,,,,,,,
ENG_nanNA,,,,,,,,,,,,,,,
ENG_nanNA,,,,,,,,,,,,,,,
ENG_nanNA,,,,,,,,,,,,,,,
ENG_nanNA,,,,,,,,,,,,,,,
ENG_nanNA,,,,,,,,,,,,,,,
ENG_nanNA,,,,,,,,,,,,,,,
ENG_nanNA,,,,,,,,,,,,,,,
ENG_nanNA,,,,,,,,,,,,,,,
ENG_nanNA,,,,,,,,,,,,,,,
ENG_nanNA,,,,,,,,,,,,,,,
